{
    "version": 3,
    "settings": {
        "appearanceTools": true,
        "color": {
            "palette": [
                {
                    "name": "Primary Green",
                    "slug": "primary-green",
                    "color": "#2B8C3A"
                },
                {
                    "name": "Deep Green",
                    "slug": "deep-green",
                    "color": "#0F5E2B"
                },
                {
                    "name": "Soil Brown",
                    "slug": "soil-brown",
                    "color": "#8B5E34"
                },
                {
                    "name": "Sun Yellow",
                    "slug": "sun-yellow",
                    "color": "#F2C94C"
                },
                {
                    "name": "Neutral Gray",
                    "slug": "neutral-gray",
                    "color": "#666666"
                },
                {
                    "name": "Primary Blue",
                    "slug": "primary-blue",
                    "color": "#006D77"
                },
                {
                    "name": "Dark Blue",
                    "slug": "dark-blue",
                    "color": "#003C43"
                },
                {
                    "name": "Accent Cyan",
                    "slug": "accent-cyan",
                    "color": "#00A8E8"
                },
                {
                    "name": "Accent Yellow",
                    "slug": "accent-yellow",
                    "color": "#FFC857"
                }
            ]
        },
        "typography": {
            "fontFamilies": [
                {
                    "fontFamily": "Inter, sans-serif",
                    "slug": "inter",
                    "name": "Inter"
                },
                {
                    "fontFamily": "Merriweather, serif",
                    "slug": "merriweather",
                    "name": "Merriweather"
                }
            ],
            "fluid": true
        },
        "spacing": {
            "spacingScale": {
                "operator": "*",
                "increment": 1.5,
                "steps": 7,
                "mediumStep": 1.5,
                "unit": "rem"
            },
            "units": [
                "px",
                "em",
                "rem",
                "vh",
                "vw"
            ]
        },
        "layout": {
            "contentSize": "1200px",
            "wideSize": "1400px"
        }
    },
    "styles": {
        "color": {
            "background": "var(--wp--preset--color--neutral-gray)",
            "text": "var(--wp--preset--color--deep-green)"
        },
        "typography": {
            "fontFamily": "var(--wp--preset--font-family--inter)",
            "lineHeight": "1.6"
        }
    },
    "templateParts": [
        {
            "name": "Header",
            "slug": "header",
            "area": "header"
        },
        {
            "name": "Footer",
            "slug": "footer",
            "area": "footer"
        }
    ],
    "styleVariations": [
        {
            "name": "Organic",
            "slug": "organic",
            "styles": {
                "color": {
                    "background": "#FFFFFF",
                    "text": "#0F5E2B"
                },
                "elements": {
                    "button": {
                        "color": {
                            "background": "#2B8C3A",
                            "text": "#F2C94C"
                        }
                    }
                }
            }
        },
        {
            "name": "AgriTech",
            "slug": "agritech",
            "styles": {
                "color": {
                    "background": "#EAF6F6",
                    "text": "#003C43"
                },
                "elements": {
                    "button": {
                        "color": {
                            "background": "#006D77",
                            "text": "#FFC857"
                        }
                    }
                }
            }
        }
    ]
}